{
  "metrics": {
    "MAE": 29424.671875,
    "R2": 0.937147855758667
  },
  "n_train": 160,
  "n_test": 40
}